<?xml version="1.0" encoding="UTF-8"?><rss version="2.0"
	xmlns:content="http://purl.org/rss/1.0/modules/content/"
	xmlns:dc="http://purl.org/dc/elements/1.1/"
	xmlns:atom="http://www.w3.org/2005/Atom"
	xmlns:sy="http://purl.org/rss/1.0/modules/syndication/"
	
	>
<channel>
	<title>
	Comments on: On Salvatore Ferragamo&#8217;s New Chapter	</title>
	<atom:link href="/on-salvatore-ferragamos-new-chapter/feed/" rel="self" type="application/rss+xml" />
	<link>/on-salvatore-ferragamos-new-chapter/</link>
	<description></description>
	<lastBuildDate>Sun, 22 Jan 2023 13:18:51 +0000</lastBuildDate>
	<sy:updatePeriod>
	hourly	</sy:updatePeriod>
	<sy:updateFrequency>
	1	</sy:updateFrequency>
	<generator>https://wordpress.org/?v=6.1.1</generator>
</channel>
</rss>
