<?xml version="1.0" encoding="UTF-8"?><rss version="2.0"
	xmlns:content="http://purl.org/rss/1.0/modules/content/"
	xmlns:wfw="http://wellformedweb.org/CommentAPI/"
	xmlns:dc="http://purl.org/dc/elements/1.1/"
	xmlns:atom="http://www.w3.org/2005/Atom"
	xmlns:sy="http://purl.org/rss/1.0/modules/syndication/"
	xmlns:slash="http://purl.org/rss/1.0/modules/slash/"
	>

<channel>
	<title>Products &#8211; wordpress</title>
	<atom:link href="/shop/feed/" rel="self" type="application/rss+xml" />
	<link></link>
	<description></description>
	<lastBuildDate>Mon, 23 Jan 2023 05:43:31 +0000</lastBuildDate>
	<language>en-US</language>
	<sy:updatePeriod>
	hourly	</sy:updatePeriod>
	<sy:updateFrequency>
	1	</sy:updateFrequency>
	<generator>https://wordpress.org/?v=6.1.1</generator>

<image>
	<url>/wp-content/uploads/2018/11/favicon.png</url>
	<title>Products &#8211; wordpress</title>
	<link></link>
	<width>32</width>
	<height>32</height>
</image> 
        <wp_options>
            <wp_option>
                <name>
                    shopengine_activated_templates                </name>
                <val>
                    a:1:{s:6:&quot;single&quot;;a:1:{s:4:&quot;lang&quot;;a:1:{s:2:&quot;en&quot;;a:1:{i:1;a:3:{s:11:&quot;template_id&quot;;i:62;s:6:&quot;status&quot;;b:1;s:11:&quot;category_id&quot;;i:0;}}}}}                </val>
            </wp_option>
        </wp_options>
        	<item>
		<title>Lion energy drink</title>
		<link>/product/lion-energy-drink/</link>
					<comments>/product/lion-energy-drink/#respond</comments>
		
		<dc:creator><![CDATA[wordpress]]></dc:creator>
		<pubDate>Mon, 23 Jan 2023 05:43:00 +0000</pubDate>
				<guid isPermaLink="false">/?post_type=product#038;p=4160</guid>

					<description><![CDATA[Asia Lion Energy Drink 250ml. Asia Lion Energy Drink 250ml. Ks1,050. Brands Asia. Product Code: 8830000012954. Stock In Stock. OverView.]]></description>
										<content:encoded><![CDATA[<ul>
<li>Asia <em>Lion Energy Drink</em> 250ml. Asia <em>Lion Energy Drink</em> 250ml. Ks1,050. Brands Asia. Product Code: 8830000012954. Stock In Stock. OverView.</li>
</ul>
]]></content:encoded>
					
					<wfw:commentRss>/product/lion-energy-drink/feed/</wfw:commentRss>
			<slash:comments>0</slash:comments>
		
		
			</item>
		<item>
		<title>fire dragon energy drink</title>
		<link>/product/fire-dragon-energy-drink/</link>
					<comments>/product/fire-dragon-energy-drink/#respond</comments>
		
		<dc:creator><![CDATA[wordpress]]></dc:creator>
		<pubDate>Sun, 22 Jan 2023 12:21:17 +0000</pubDate>
				<guid isPermaLink="false">/?post_type=product#038;p=95</guid>

					<description><![CDATA[Red Dragon Energy Drink has the main ingredients of water, taurine, and inositol, which have the effect of supplementing necessary...]]></description>
										<content:encoded><![CDATA[<ul>
<li><span class="ILfuVd" lang="en"><span class="hgKElc">Red Dragon Energy Drink has the main ingredients of water, taurine, and inositol, which have the effect of supplementing necessary active ingredients for the body, <b>providing energy for all day long activities</b>. The product does not contain preservatives that are harmful to users&#8217; health, ensuring hygiene and safety.</span></span></li>
</ul>
]]></content:encoded>
					
					<wfw:commentRss>/product/fire-dragon-energy-drink/feed/</wfw:commentRss>
			<slash:comments>0</slash:comments>
		
		
			</item>
		<item>
		<title>speed energy drink</title>
		<link>/product/speed-energy-drink/</link>
					<comments>/product/speed-energy-drink/#respond</comments>
		
		<dc:creator><![CDATA[wordpress]]></dc:creator>
		<pubDate>Sun, 22 Jan 2023 05:56:46 +0000</pubDate>
				<guid isPermaLink="false">/?post_type=product#038;p=23</guid>

					<description><![CDATA[nergy drink · For happy, healthy life · Refreshes and energizes your body and mind · Halal · Net content...]]></description>
										<content:encoded><![CDATA[<ul>
<li><em>nergy drink</em> · For happy, healthy life · Refreshes and energizes your body and mind · Halal · Net content : 250 ml · Product of Myanmar.</li>
</ul>
]]></content:encoded>
					
					<wfw:commentRss>/product/speed-energy-drink/feed/</wfw:commentRss>
			<slash:comments>0</slash:comments>
		
		
			</item>
		<item>
		<title>Rocker energy drink</title>
		<link>/product/rocker-energy-drink/</link>
					<comments>/product/rocker-energy-drink/#respond</comments>
		
		<dc:creator><![CDATA[wordpress]]></dc:creator>
		<pubDate>Sun, 22 Jan 2023 05:54:09 +0000</pubDate>
				<guid isPermaLink="false">/?post_type=product#038;p=76</guid>

					<description><![CDATA[Rocker energy drink is one of the best-selling energy drinks in Myanmar. Rocker has three versions of energy drinks _ Rocker Black, Rocker Pink and Rocker Yellow. Rocker energy drink is a functional...]]></description>
										<content:encoded><![CDATA[<ul>
<li>Rocker <strong>energy</strong> <strong>drink</strong> is one of the best-selling <strong>energy</strong> <strong>drinks</strong> <strong>in</strong> <strong>Myanmar</strong>. Rocker has three versions of <strong>energy</strong> <strong>drinks</strong> _ Rocker Black, Rocker Pink and Rocker Yellow. Rocker <strong>energy</strong> <strong>drink</strong> is a functional beverage with a unique combination of ingredients.</li>
</ul>
]]></content:encoded>
					
					<wfw:commentRss>/product/rocker-energy-drink/feed/</wfw:commentRss>
			<slash:comments>0</slash:comments>
		
		
			</item>
		<item>
		<title>shark energy drink</title>
		<link>/product/mamee-plain-noodles/</link>
					<comments>/product/mamee-plain-noodles/#respond</comments>
		
		<dc:creator><![CDATA[wordpress]]></dc:creator>
		<pubDate>Sat, 21 Jan 2023 14:39:19 +0000</pubDate>
				<guid isPermaLink="false">/?post_type=product#038;p=51</guid>

					<description><![CDATA[Shark energy drink is a functional beverage with a unique combination of ingredients. Its formula has been specially developed to...]]></description>
										<content:encoded><![CDATA[<ul>
<li><em>Shark energy drink</em> is a functional beverage with a unique combination of ingredients. Its formula has been specially developed to replenish energy, &#8230;</li>
</ul>
]]></content:encoded>
					
					<wfw:commentRss>/product/mamee-plain-noodles/feed/</wfw:commentRss>
			<slash:comments>0</slash:comments>
		
		
			</item>
		<item>
		<title>monster energy drink</title>
		<link>/product/monster-energy-drink/</link>
					<comments>/product/monster-energy-drink/#respond</comments>
		
		<dc:creator><![CDATA[wordpress]]></dc:creator>
		<pubDate>Sat, 21 Jan 2023 13:58:53 +0000</pubDate>
				<guid isPermaLink="false">/?post_type=product#038;p=25</guid>

					<description><![CDATA[Monster Energy produces a variety of energy drinks, brewed coffee, hydrating sports drinks, juices and teas.]]></description>
										<content:encoded><![CDATA[<ul>
<li><strong>Monster</strong> <strong>Energy</strong> produces a variety of <strong>energy</strong> <strong>drinks</strong>,</li>
<li>brewed coffee, hydrating sports <strong>drinks</strong>, juices and teas.</li>
</ul>
]]></content:encoded>
					
					<wfw:commentRss>/product/monster-energy-drink/feed/</wfw:commentRss>
			<slash:comments>0</slash:comments>
		
		
			</item>
		<item>
		<title>Pepsi energy Drink</title>
		<link>/product/short-sleeve-t-shirt/</link>
					<comments>/product/short-sleeve-t-shirt/#comments</comments>
		
		<dc:creator><![CDATA[wordpress]]></dc:creator>
		<pubDate>Thu, 18 Oct 2018 02:29:02 +0000</pubDate>
				<guid isPermaLink="false">https://woostify.com/demos/fashion1/?post_type=product&#038;p=113</guid>

					<description><![CDATA[Qui, explicabo eius nisi fugit repudiandae, quos voluptates, beatae ullam consectetur ducimus itaque! Tempore provident eligendi sed ipsum ea. Reiciendis nulla neque sapiente, totam veritatis non? Odio, quaerat.]]></description>
										<content:encoded><![CDATA[<div class="woocommerce-product-details__short-description">
<p>Eum culpa assumenda eligendi fugit laborum vitae odit deleniti illo quasi voluptates, ipsa, placeat, quaerat, omnis nisi. Repellendus reprehenderit temporibus optio, unde enim vel dignissimos! Deleniti sed perferendis quod ratione incidunt, quam illo et, nulla delectus. Qui, explicabo eius nisi fugit repudiandae, quos voluptates, beatae ullam consectetur ducimus itaque! Tempore provident eligendi sed ipsum ea. Reiciendis nulla neque sapiente, totam veritatis non? Odio, quaerat.</p>
</div>
]]></content:encoded>
					
					<wfw:commentRss>/product/short-sleeve-t-shirt/feed/</wfw:commentRss>
			<slash:comments>2</slash:comments>
		
		
			</item>
		<item>
		<title>Coca Cola energy drink</title>
		<link>/product/front-illustration-t-shirt/</link>
					<comments>/product/front-illustration-t-shirt/#comments</comments>
		
		<dc:creator><![CDATA[wordpress]]></dc:creator>
		<pubDate>Thu, 18 Oct 2018 02:27:42 +0000</pubDate>
				<guid isPermaLink="false">https://woostify.com/demos/fashion1/?post_type=product&#038;p=112</guid>

					<description><![CDATA[Qui, explicabo eius nisi fugit repudiandae, quos voluptates, beatae ullam consectetur ducimus itaque! Tempore provident eligendi sed ipsum ea. Reiciendis nulla neque sapiente, totam veritatis non? Odio, quaerat.]]></description>
										<content:encoded><![CDATA[<div class="woocommerce-product-details__short-description">
<p>Eum culpa assumenda eligendi fugit laborum vitae odit deleniti illo quasi voluptates, ipsa, placeat, quaerat, omnis nisi. Repellendus reprehenderit temporibus optio, unde enim vel dignissimos! Deleniti sed perferendis quod ratione incidunt, quam illo et, nulla delectus. Qui, explicabo eius nisi fugit repudiandae, quos voluptates, beatae ullam consectetur ducimus itaque! Tempore provident eligendi sed ipsum ea. Reiciendis nulla neque sapiente, totam veritatis non? Odio, quaerat.</p>
</div>
]]></content:encoded>
					
					<wfw:commentRss>/product/front-illustration-t-shirt/feed/</wfw:commentRss>
			<slash:comments>1</slash:comments>
		
		
			</item>
		<item>
		<title>Red bull energy drink</title>
		<link>/product/slim-fit-dress-shirts/</link>
					<comments>/product/slim-fit-dress-shirts/#respond</comments>
		
		<dc:creator><![CDATA[wordpress]]></dc:creator>
		<pubDate>Thu, 18 Oct 2018 02:24:20 +0000</pubDate>
				<guid isPermaLink="false">https://woostify.com/demos/fashion1/?post_type=product&#038;p=110</guid>

					<description><![CDATA[Qui, explicabo eius nisi fugit repudiandae, quos voluptates, beatae ullam consectetur ducimus itaque! Tempore provident eligendi sed ipsum ea. Reiciendis nulla neque sapiente, totam veritatis non? Odio, quaerat.]]></description>
										<content:encoded><![CDATA[<div class="woocommerce-product-details__short-description">
<p>Eum culpa assumenda eligendi fugit laborum vitae odit deleniti illo quasi voluptates, ipsa, placeat, quaerat, omnis nisi. Repellendus reprehenderit temporibus optio, unde enim vel dignissimos! Deleniti sed perferendis quod ratione incidunt, quam illo et, nulla delectus. Qui, explicabo eius nisi fugit repudiandae, quos voluptates, beatae ullam consectetur ducimus itaque! Tempore provident eligendi sed ipsum ea. Reiciendis nulla neque sapiente, totam veritatis non? Odio, quaerat.</p>
</div>
]]></content:encoded>
					
					<wfw:commentRss>/product/slim-fit-dress-shirts/feed/</wfw:commentRss>
			<slash:comments>0</slash:comments>
		
		
			</item>
		<item>
		<title>Code energy drink</title>
		<link>/product/black-coat/</link>
					<comments>/product/black-coat/#comments</comments>
		
		<dc:creator><![CDATA[wordpress]]></dc:creator>
		<pubDate>Thu, 18 Oct 2018 02:22:19 +0000</pubDate>
				<guid isPermaLink="false">https://woostify.com/demos/fashion1/?post_type=product&#038;p=109</guid>

					<description><![CDATA[Qui, explicabo eius nisi fugit repudiandae, quos voluptates, beatae ullam consectetur ducimus itaque! Tempore provident eligendi sed ipsum ea. Reiciendis nulla neque sapiente, totam veritatis non? Odio, quaerat.]]></description>
										<content:encoded><![CDATA[<div class="woocommerce-product-details__short-description">
<p>Eum culpa assumenda eligendi fugit laborum vitae odit deleniti illo quasi voluptates, ipsa, placeat, quaerat, omnis nisi. Repellendus reprehenderit temporibus optio, unde enim vel dignissimos! Deleniti sed perferendis quod ratione incidunt, quam illo et, nulla delectus. Qui, explicabo eius nisi fugit repudiandae, quos voluptates, beatae ullam consectetur ducimus itaque! Tempore provident eligendi sed ipsum ea. Reiciendis nulla neque sapiente, totam veritatis non? Odio, quaerat.</p>
</div>
]]></content:encoded>
					
					<wfw:commentRss>/product/black-coat/feed/</wfw:commentRss>
			<slash:comments>1</slash:comments>
		
		
			</item>
	</channel>
</rss>
