<?xml version="1.0" encoding="UTF-8"?><rss version="2.0"
	xmlns:content="http://purl.org/rss/1.0/modules/content/"
	xmlns:dc="http://purl.org/dc/elements/1.1/"
	xmlns:atom="http://www.w3.org/2005/Atom"
	xmlns:sy="http://purl.org/rss/1.0/modules/syndication/"
	
	>
<channel>
	<title>
	Comments for wordpress	</title>
	<atom:link href="/comments/feed/" rel="self" type="application/rss+xml" />
	<link></link>
	<description></description>
	<lastBuildDate>Sun, 22 Jan 2023 13:53:09 +0000</lastBuildDate>
	<sy:updatePeriod>
	hourly	</sy:updatePeriod>
	<sy:updateFrequency>
	1	</sy:updateFrequency>
	<generator>https://wordpress.org/?v=6.1.1</generator>
	<item>
		<title>
		Comment on Pepsi energy Drink by woostify		</title>
		<link>/product/short-sleeve-t-shirt/#comment-20</link>

		<dc:creator><![CDATA[woostify]]></dc:creator>
		<pubDate>Tue, 09 Mar 2021 02:43:38 +0000</pubDate>
		<guid isPermaLink="false">https://woostify.com/demos/fashion1/?post_type=product&#038;p=113#comment-20</guid>

					<description><![CDATA[Good products!]]></description>
			<content:encoded><![CDATA[<p>Good products!</p>
]]></content:encoded>
		
			</item>
		<item>
		<title>
		Comment on Pepsi energy Drink by woostify		</title>
		<link>/product/short-sleeve-t-shirt/#comment-19</link>

		<dc:creator><![CDATA[woostify]]></dc:creator>
		<pubDate>Tue, 09 Mar 2021 02:43:24 +0000</pubDate>
		<guid isPermaLink="false">https://woostify.com/demos/fashion1/?post_type=product&#038;p=113#comment-19</guid>

					<description><![CDATA[123]]></description>
			<content:encoded><![CDATA[<p>123</p>
]]></content:encoded>
		
			</item>
		<item>
		<title>
		Comment on Coca Cola energy drink by woostify		</title>
		<link>/product/front-illustration-t-shirt/#comment-16</link>

		<dc:creator><![CDATA[woostify]]></dc:creator>
		<pubDate>Mon, 06 Jan 2020 03:52:46 +0000</pubDate>
		<guid isPermaLink="false">https://woostify.com/demos/fashion1/?post_type=product&#038;p=112#comment-16</guid>

					<description><![CDATA[Awesome!]]></description>
			<content:encoded><![CDATA[<p>Awesome!</p>
]]></content:encoded>
		
			</item>
		<item>
		<title>
		Comment on Code energy drink by woostify		</title>
		<link>/product/black-coat/#comment-10</link>

		<dc:creator><![CDATA[woostify]]></dc:creator>
		<pubDate>Mon, 06 Jan 2020 03:52:21 +0000</pubDate>
		<guid isPermaLink="false">https://woostify.com/demos/fashion1/?post_type=product&#038;p=109#comment-10</guid>

					<description><![CDATA[Fast shipping!]]></description>
			<content:encoded><![CDATA[<p>Fast shipping!</p>
]]></content:encoded>
		
			</item>
		<item>
		<title>
		Comment on Hype energy drink by woostify		</title>
		<link>/product/working-boy-t-shirt/#comment-5</link>

		<dc:creator><![CDATA[woostify]]></dc:creator>
		<pubDate>Sat, 08 Dec 2018 09:22:24 +0000</pubDate>
		<guid isPermaLink="false">https://woostify.com/demos/fashion1/?post_type=product&#038;p=108#comment-5</guid>

					<description><![CDATA[I love this shirt]]></description>
			<content:encoded><![CDATA[<p>I love this shirt</p>
]]></content:encoded>
		
			</item>
	</channel>
</rss>
