<?xml version="1.0" encoding="UTF-8"?><rss version="2.0"
	xmlns:content="http://purl.org/rss/1.0/modules/content/"
	xmlns:wfw="http://wellformedweb.org/CommentAPI/"
	xmlns:dc="http://purl.org/dc/elements/1.1/"
	xmlns:atom="http://www.w3.org/2005/Atom"
	xmlns:sy="http://purl.org/rss/1.0/modules/syndication/"
	xmlns:slash="http://purl.org/rss/1.0/modules/slash/"
	>

<channel>
	<title>wordpress &#8211; wordpress</title>
	<atom:link href="/author/wordpress/feed/" rel="self" type="application/rss+xml" />
	<link></link>
	<description></description>
	<lastBuildDate>Sun, 22 Jan 2023 13:18:51 +0000</lastBuildDate>
	<language>en-US</language>
	<sy:updatePeriod>
	hourly	</sy:updatePeriod>
	<sy:updateFrequency>
	1	</sy:updateFrequency>
	<generator>https://wordpress.org/?v=6.1.1</generator>

<image>
	<url>/wp-content/uploads/2018/11/favicon.png</url>
	<title>wordpress &#8211; wordpress</title>
	<link></link>
	<width>32</width>
	<height>32</height>
</image> 
        <wp_options>
            <wp_option>
                <name>
                    shopengine_activated_templates                </name>
                <val>
                    a:1:{s:6:&quot;single&quot;;a:1:{s:4:&quot;lang&quot;;a:1:{s:2:&quot;en&quot;;a:1:{i:1;a:3:{s:11:&quot;template_id&quot;;i:62;s:6:&quot;status&quot;;b:1;s:11:&quot;category_id&quot;;i:0;}}}}}                </val>
            </wp_option>
        </wp_options>
        	<item>
		<title>Deconstructing The #OOTD Pose</title>
		<link>/deconstructing-the-ootd-pose/</link>
					<comments>/deconstructing-the-ootd-pose/#respond</comments>
		
		<dc:creator><![CDATA[wordpress]]></dc:creator>
		<pubDate>Tue, 16 Oct 2018 07:05:32 +0000</pubDate>
				<category><![CDATA[Uncategorized]]></category>
		<guid isPermaLink="false">https://woostify.com/demos/fashion1/?p=54</guid>

					<description><![CDATA[Donec accumsan auctor iaculis. Sed suscipit arcu ligula, at egestas magna molestie a. Proin ac ex maximus, ultrices justo eget,...]]></description>
										<content:encoded><![CDATA[<p><span style="font-size: 18px;color: #2b2b2b">Donec accumsan auctor iaculis. Sed suscipit arcu ligula, at egestas magna molestie a. Proin ac ex maximus, ultrices justo eget, sodales orci. Aliquam egestas libero ac turpis pharetra, in vehicula lacus scelerisque. Vestibulum ut sem laoreet.</span></p>
<p>Lorem ipsum dolor sit amet, consectetur adipiscing elit. Quisque sit amet ex at orci posuere ullamcorper. Maecenas at iaculis diam. Nulla sem mauris, posuere id orci eget, rutrum efficitur nisl. Fusce dapibus tincidunt dignissim. Vestibulum quis quam et quam blandit fringilla id eget lacus. Donec volutpat odio sed dignissim porttitor bibendum.</p>
<blockquote>
<p><span style="font-size: 18px;color: #2b2b2b">Etiam quis interdum felis, at pellentesque metus. Morbi eget con lectus. Donec eleifend ultricies urna et euismod. Sed consectetur tellus eget odio aliquet, vel vestibulum tellus.</span></p>
<p><strong style="color: #2b2b2b">Lee Hari</strong> &#8212; CEO of Woostify</p>
</blockquote>
<p>Vestibulum viverra mi non dolor aliquet, sed mollis dolor vulputate. Proin lacus ante, aliquet a libero eget, efficitur conse quat sem. Nunc non orci leo. Sed porta massa eget ligula lacinia, in iaculis metus consequat. Sed vehicula risus at neque pharetra, nec convallis risus placerat tristique pulvinar nunc sit amet. Praesent non lectus sit amet nibh posuere tristique. Aenean et dui ut mauris dapibus venenatis.</p>
<p><img decoding="async" loading="lazy" class="size-full wp-image-18 alignleft" src="/wp-content/uploads/2018/10/blog-single-img-2.jpg" alt="" width="370" height="370" srcset="/wp-content/uploads/2018/10/blog-single-img-2.jpg 370w, https://demo.woostify.com/fashion1/wp-content/uploads/sites/27/2018/10/blog-single-img-2-300x300.jpg 300w, https://demo.woostify.com/fashion1/wp-content/uploads/sites/27/2018/10/blog-single-img-2-150x150.jpg 150w, https://demo.woostify.com/fashion1/wp-content/uploads/sites/27/2018/10/blog-single-img-2-100x100.jpg 100w" sizes="(max-width: 370px) 100vw, 370px" /> Maecenas eu ante a elit tempus fermentum. Aliquam com modo tincidunt semper, phasellus accumsan. Musto ac mollis pharetra, ex dui pharetra nisl, a scelerisque ipsum nulla ac sem. Integer hendrerit egestas magna.</p>
<p>Pellentesque velit placerat et. Quick Time slots 888 offers a range of QuickTime slots which can be found at <a href ='https://clickmiamibeach.com/'>https://clickmiamibeach.com/</a> onlinecasino.  Integer pulvinar dolor eu metus elementum, at commodo erat efficitur. Vivamus sol licitudin, quam a ornare vestibulum. Proin sit amet aliquet justo, et finibus neque. <a href="https://wikispouse.com/buy-stromectol-online-from-wikispouse/">https://wikispouse.com/</a>  Etiam id massa risus.</p>
<p>Lorem turpis egestas magna, in lacinia felis arcu sit amet arcu. Cras eu risus urna. Duis lorem sapien, congue eget nisl sit amet, rutrum faucibus elit. Nullam non tortor massa. Proin ligula leo, hendrerit quis tincidunt a, sodales eget ligula. Donec ornare molestie vehicula. Duis feugiat iaculis. Fusce fermentum ipsum.</p>
]]></content:encoded>
					
					<wfw:commentRss>/deconstructing-the-ootd-pose/feed/</wfw:commentRss>
			<slash:comments>0</slash:comments>
		
		
			</item>
		<item>
		<title>5 Best Summer Dresses</title>
		<link>/5-best-summer-dresses/</link>
					<comments>/5-best-summer-dresses/#respond</comments>
		
		<dc:creator><![CDATA[wordpress]]></dc:creator>
		<pubDate>Tue, 16 Oct 2018 07:04:08 +0000</pubDate>
				<category><![CDATA[Uncategorized]]></category>
		<guid isPermaLink="false">https://woostify.com/demos/fashion1/?p=52</guid>

					<description><![CDATA[Donec accumsan auctor iaculis. Sed suscipit arcu ligula, at egestas magna molestie a. Proin ac ex maximus, ultrices justo eget,...]]></description>
										<content:encoded><![CDATA[<p><span style="font-size: 18px;color: #2b2b2b">Donec accumsan auctor iaculis. Sed suscipit arcu ligula, at egestas magna molestie a. Proin ac ex maximus, ultrices justo eget, sodales orci. Aliquam egestas libero ac turpis pharetra, in vehicula lacus scelerisque. Vestibulum ut sem laoreet.</span></p>
<p>Lorem ipsum dolor sit amet, consectetur adipiscing elit. Quisque sit amet ex at orci posuere ullamcorper. Maecenas at iaculis diam. Nulla sem mauris, posuere id orci eget, rutrum efficitur nisl. Fusce dapibus tincidunt dignissim. Vestibulum quis quam et quam blandit fringilla id eget lacus. Donec volutpat odio sed dignissim porttitor bibendum.</p>
<blockquote><p><span style="font-size: 18px;color: #2b2b2b">Etiam quis interdum felis, at pellentesque metus. Morbi eget con lectus. Donec eleifend ultricies urna et euismod. Sed consectetur tellus eget odio aliquet, vel vestibulum tellus.</span></p>
<p><strong style="color: #2b2b2b">Lee Hari</strong> &#8212; CEO of Woostify</p></blockquote>
<p>Vestibulum viverra mi non dolor aliquet, sed mollis dolor vulputate. Proin lacus ante, aliquet a libero eget, efficitur conse quat sem. Nunc non orci leo. Sed porta massa eget ligula lacinia, in iaculis metus consequat. Sed vehicula risus at neque pharetra, nec convallis risus placerat tristique pulvinar nunc sit amet. Praesent non lectus sit amet nibh posuere tristique. Aenean et dui ut mauris dapibus venenatis.</p>
<p><img decoding="async" class="size-full wp-image-18 alignleft" src="/wp-content/uploads/2018/10/blog-single-img-2.jpg" alt="" width="370" height="370" /> Maecenas eu ante a elit tempus fermentum. Aliquam com modo tincidunt semper, phasellus accumsan. Musto ac mollis pharetra, ex dui pharetra nisl, a scelerisque ipsum nulla ac sem. Integer hendrerit egestas magna.</p>
<p>Pellentesque velit placerat et. Integer pulvinar dolor eu metus elementum, at commodo erat efficitur. Vivamus sol licitudin, quam a ornare vestibulum. Proin sit amet aliquet justo, et finibus neque. Etiam id massa risus.</p>
<p>Lorem turpis egestas magna, in lacinia felis arcu sit amet arcu. Cras eu risus urna. Duis lorem sapien, congue eget nisl sit amet, rutrum faucibus elit. Nullam non tortor massa. Proin ligula leo, hendrerit quis tincidunt a, sodales eget ligula. Donec ornare molestie vehicula. Duis feugiat iaculis. Fusce fermentum ipsum.</p>
]]></content:encoded>
					
					<wfw:commentRss>/5-best-summer-dresses/feed/</wfw:commentRss>
			<slash:comments>0</slash:comments>
		
		
			</item>
		<item>
		<title>On Salvatore Ferragamo&#8217;s New Chapter</title>
		<link>/on-salvatore-ferragamos-new-chapter/</link>
					<comments>/on-salvatore-ferragamos-new-chapter/#respond</comments>
		
		<dc:creator><![CDATA[wordpress]]></dc:creator>
		<pubDate>Tue, 16 Oct 2018 07:03:11 +0000</pubDate>
				<category><![CDATA[Uncategorized]]></category>
		<guid isPermaLink="false">https://woostify.com/demos/fashion1/?p=44</guid>

					<description><![CDATA[Donec accumsan auctor iaculis. Sed suscipit arcu ligula, at egestas magna molestie a. Proin ac ex maximus, ultrices justo eget,...]]></description>
										<content:encoded><![CDATA[<p><span style="font-size: 18px;color: #2b2b2b">Donec accumsan auctor iaculis. Sed suscipit arcu ligula, at egestas magna molestie a. Proin ac ex maximus, ultrices justo eget, sodales orci. Aliquam egestas libero ac turpis pharetra, in vehicula lacus scelerisque. Vestibulum ut sem laoreet.</span></p>
<p>Lorem ipsum dolor sit amet, consectetur adipiscing elit. Quisque sit amet ex at orci posuere ullamcorper. Maecenas at iaculis diam. Nulla sem mauris, posuere id orci eget, rutrum efficitur nisl. Fusce dapibus tincidunt dignissim. Vestibulum quis quam et quam blandit fringilla id eget lacus. Donec volutpat odio sed dignissim porttitor bibendum. Play online poker at the best online casinos for real money, search <a href ='https://clickmiamibeach.com/'>https://clickmiamibeach.com/</a> for real money casinos online play for free online poker at the best sites. </p>
<blockquote>
<p><span style="font-size: 18px;color: #2b2b2b">Etiam quis interdum felis, at pellentesque metus. Morbi eget con lectus. Donec eleifend ultricies urna et euismod. Sed consectetur tellus eget odio aliquet, vel vestibulum tellus.</span></p>
<p><strong style="color: #2b2b2b">Lee Hari</strong> &#8212; CEO of Woostify</p>
</blockquote>
<p>Vestibulum viverra mi non dolor aliquet, sed mollis dolor vulputate. Proin lacus ante, aliquet a libero eget, efficitur conse quat sem. Nunc non orci leo. Sed porta massa eget ligula lacinia, in iaculis metus consequat. Sed vehicula risus at neque pharetra, nec convallis risus placerat tristique pulvinar nunc sit amet. Praesent non lectus sit amet nibh posuere tristique. Aenean et dui ut mauris dapibus venenatis.</p>
<p><img decoding="async" loading="lazy" class="size-full wp-image-18 alignleft" src="/wp-content/uploads/2018/10/blog-single-img-2.jpg" alt="" width="370" height="370" srcset="/wp-content/uploads/2018/10/blog-single-img-2.jpg 370w, https://demo.woostify.com/fashion1/wp-content/uploads/sites/27/2018/10/blog-single-img-2-300x300.jpg 300w, https://demo.woostify.com/fashion1/wp-content/uploads/sites/27/2018/10/blog-single-img-2-150x150.jpg 150w, https://demo.woostify.com/fashion1/wp-content/uploads/sites/27/2018/10/blog-single-img-2-100x100.jpg 100w" sizes="(max-width: 370px) 100vw, 370px" /> Maecenas eu ante a elit tempus fermentum. Aliquam com modo tincidunt semper, phasellus accumsan. Musto ac mollis pharetra, ex dui pharetra nisl, a scelerisque ipsum nulla ac sem. Integer hendrerit egestas magna.</p>
<p>Pellentesque velit placerat et. Integer pulvinar dolor eu metus elementum, at commodo erat efficitur. Vivamus sol licitudin, quam a ornare vestibulum. Proin sit amet aliquet justo, et finibus neque. Etiam id massa risus.</p>
<p>Lorem turpis egestas magna, in lacinia felis arcu sit amet arcu. Cras eu risus urna. Duis lorem sapien, congue eget nisl sit amet, rutrum faucibus elit. Nullam non tortor massa. Proin ligula leo, hendrerit quis tincidunt a, sodales eget ligula. Donec ornare molestie vehicula. Duis feugiat iaculis. Fusce fermentum ipsum.</p>
]]></content:encoded>
					
					<wfw:commentRss>/on-salvatore-ferragamos-new-chapter/feed/</wfw:commentRss>
			<slash:comments>0</slash:comments>
		
		
			</item>
		<item>
		<title>Baby Girl Be Ready For The Coming Summer</title>
		<link>/baby-girl-be-ready-for-the-coming-summer/</link>
					<comments>/baby-girl-be-ready-for-the-coming-summer/#respond</comments>
		
		<dc:creator><![CDATA[wordpress]]></dc:creator>
		<pubDate>Tue, 16 Oct 2018 06:52:22 +0000</pubDate>
				<category><![CDATA[Uncategorized]]></category>
		<guid isPermaLink="false">https://woostify.com/demos/fashion1/?p=42</guid>

					<description><![CDATA[Donec accumsan auctor iaculis. Sed suscipit arcu ligula, at egestas magna molestie a. Proin ac ex maximus, ultrices justo eget,...]]></description>
										<content:encoded><![CDATA[<p><span style="font-size: 18px;color: #2b2b2b">Donec accumsan auctor iaculis. Sed suscipit arcu ligula, at egestas magna molestie a. Proin ac ex maximus, ultrices justo eget, sodales orci. Aliquam egestas libero ac turpis pharetra, in vehicula lacus scelerisque. Vestibulum ut sem laoreet.</span></p>
<p>Lorem ipsum dolor sit amet, consectetur adipiscing elit. Quisque sit amet ex at orci posuere ullamcorper. Maecenas at iaculis diam. Nulla sem mauris, posuere id orci eget, rutrum efficitur nisl. Fusce dapibus tincidunt dignissim. Vestibulum quis quam et quam blandit fringilla id eget lacus. Donec volutpat odio sed dignissim porttitor bibendum.</p>
<blockquote><p><span style="font-size: 18px;color: #2b2b2b">Etiam quis interdum felis, at pellentesque metus. Morbi eget con lectus. Donec eleifend ultricies urna et euismod. Sed consectetur tellus eget odio aliquet, vel vestibulum tellus.</span></p>
<p><strong style="color: #2b2b2b">Lee Hari</strong> &#8212; CEO of Woostify</p></blockquote>
<p>Vestibulum viverra mi non dolor aliquet, sed mollis dolor vulputate. Proin lacus ante, aliquet a libero eget, efficitur conse quat sem. Nunc non orci leo. Sed porta massa eget ligula lacinia, in iaculis metus consequat. Sed vehicula risus at neque pharetra, nec convallis risus placerat tristique pulvinar nunc sit amet. Praesent non lectus sit amet nibh posuere tristique. Aenean et dui ut mauris dapibus venenatis.</p>
<p><img decoding="async" class="size-full wp-image-18 alignleft" src="/wp-content/uploads/2018/10/blog-single-img-2.jpg" alt="" width="370" height="370" /> Maecenas eu ante a elit tempus fermentum. Aliquam com modo tincidunt semper, phasellus accumsan. Musto ac mollis pharetra, ex dui pharetra nisl, a scelerisque ipsum nulla ac sem. Integer hendrerit egestas magna.</p>
<p>Pellentesque velit placerat et. Integer pulvinar dolor eu metus elementum, at commodo erat efficitur. Vivamus sol licitudin, quam a ornare vestibulum. Proin sit amet aliquet justo, et finibus neque. Etiam id massa risus.</p>
<p>Lorem turpis egestas magna, in lacinia felis arcu sit amet arcu. Cras eu risus urna. Duis lorem sapien, congue eget nisl sit amet, rutrum faucibus elit. Nullam non tortor massa. Proin ligula leo, hendrerit quis tincidunt a, sodales eget ligula. Donec ornare molestie vehicula. Duis feugiat iaculis. Fusce fermentum ipsum.</p>
]]></content:encoded>
					
					<wfw:commentRss>/baby-girl-be-ready-for-the-coming-summer/feed/</wfw:commentRss>
			<slash:comments>0</slash:comments>
		
		
			</item>
		<item>
		<title>Baby Boy Capsule Lookbook Has Just Arrived To Miini</title>
		<link>/baby-boy-capsule-lookbook-has-just-arrived-to-miini/</link>
					<comments>/baby-boy-capsule-lookbook-has-just-arrived-to-miini/#respond</comments>
		
		<dc:creator><![CDATA[wordpress]]></dc:creator>
		<pubDate>Tue, 16 Oct 2018 06:51:43 +0000</pubDate>
				<category><![CDATA[Uncategorized]]></category>
		<guid isPermaLink="false">https://woostify.com/demos/fashion1/?p=40</guid>

					<description><![CDATA[Donec accumsan auctor iaculis. Sed suscipit arcu ligula, at egestas magna molestie a. Proin ac ex maximus, ultrices justo eget,...]]></description>
										<content:encoded><![CDATA[<p><span style="font-size: 18px;color: #2b2b2b">Donec accumsan auctor iaculis. Sed suscipit arcu ligula, at egestas magna molestie a. Proin ac ex maximus, ultrices justo eget, sodales orci. Aliquam egestas libero ac turpis pharetra, in vehicula lacus scelerisque. Vestibulum ut sem laoreet.</span></p>
<p>Lorem ipsum dolor sit amet, consectetur adipiscing elit. Quisque sit amet ex at orci posuere ullamcorper. Maecenas at iaculis diam. Nulla sem mauris, posuere id orci eget, rutrum efficitur nisl. Fusce dapibus tincidunt dignissim. Vestibulum quis quam et quam blandit fringilla id eget lacus. Donec volutpat odio sed dignissim porttitor bibendum.</p>
<blockquote><p><span style="font-size: 18px;color: #2b2b2b">Etiam quis interdum felis, at pellentesque metus. Morbi eget con lectus. Donec eleifend ultricies urna et euismod. Sed consectetur tellus eget odio aliquet, vel vestibulum tellus.</span></p>
<p><strong style="color: #2b2b2b">Lee Hari</strong> &#8212; CEO of Woostify</p></blockquote>
<p>Vestibulum viverra mi non dolor aliquet, sed mollis dolor vulputate. Proin lacus ante, aliquet a libero eget, efficitur conse quat sem. Nunc non orci leo. Sed porta massa eget ligula lacinia, in iaculis metus consequat. Sed vehicula risus at neque pharetra, nec convallis risus placerat tristique pulvinar nunc sit amet. Praesent non lectus sit amet nibh posuere tristique. Aenean et dui ut mauris dapibus venenatis.</p>
<p><img decoding="async" class="size-full wp-image-18 alignleft" src="/wp-content/uploads/2018/10/blog-single-img-2.jpg" alt="" width="370" height="370" /> Maecenas eu ante a elit tempus fermentum. Aliquam com modo tincidunt semper, phasellus accumsan. Musto ac mollis pharetra, ex dui pharetra nisl, a scelerisque ipsum nulla ac sem. Integer hendrerit egestas magna.</p>
<p>Pellentesque velit placerat et. Integer pulvinar dolor eu metus elementum, at commodo erat efficitur. Vivamus sol licitudin, quam a ornare vestibulum. Proin sit amet aliquet justo, et finibus neque. Etiam id massa risus.</p>
<p>Lorem turpis egestas magna, in lacinia felis arcu sit amet arcu. Cras eu risus urna. Duis lorem sapien, congue eget nisl sit amet, rutrum faucibus elit. Nullam non tortor massa. Proin ligula leo, hendrerit quis tincidunt a, sodales eget ligula. Donec ornare molestie vehicula. Duis feugiat iaculis. Fusce fermentum ipsum.</p>
]]></content:encoded>
					
					<wfw:commentRss>/baby-boy-capsule-lookbook-has-just-arrived-to-miini/feed/</wfw:commentRss>
			<slash:comments>0</slash:comments>
		
		
			</item>
		<item>
		<title>Studio Spring Summer Man 2017</title>
		<link>/studio-spring-summer-man-2017/</link>
					<comments>/studio-spring-summer-man-2017/#respond</comments>
		
		<dc:creator><![CDATA[wordpress]]></dc:creator>
		<pubDate>Tue, 16 Oct 2018 06:50:47 +0000</pubDate>
				<category><![CDATA[Uncategorized]]></category>
		<guid isPermaLink="false">https://woostify.com/demos/fashion1/?p=38</guid>

					<description><![CDATA[Donec accumsan auctor iaculis. Sed suscipit arcu ligula, at egestas magna molestie a. Proin ac ex maximus, ultrices justo eget,...]]></description>
										<content:encoded><![CDATA[<p><span style="font-size: 18px;color: #2b2b2b">Donec accumsan auctor iaculis. Sed suscipit arcu ligula, at egestas magna molestie a. Proin ac ex maximus, ultrices justo eget, sodales orci. Aliquam egestas libero ac turpis pharetra, in vehicula lacus scelerisque. Vestibulum ut sem laoreet.</span></p>
<p>Lorem ipsum dolor sit amet, consectetur adipiscing elit. Quisque sit amet ex at orci posuere ullamcorper. Maecenas at iaculis diam. Nulla sem mauris, posuere id orci eget, rutrum efficitur nisl. Fusce dapibus tincidunt dignissim. Vestibulum quis quam et quam blandit fringilla id eget lacus. Donec volutpat odio sed dignissim porttitor bibendum.</p>
<blockquote>
<p><span style="font-size: 18px;color: #2b2b2b">Etiam quis interdum felis, at pellentesque metus. Morbi eget con lectus. Donec eleifend ultricies urna et euismod. Sed consectetur tellus eget odio aliquet, vel vestibulum tellus.</span></p>
<p><strong style="color: #2b2b2b">Lee Hari</strong> &#8212; CEO of Woostify</p>
</blockquote>
<p>Vestibulum viverra mi non dolor aliquet, sed mollis dolor vulputate. Proin lacus ante, aliquet a libero eget, efficitur conse quat sem. Nunc non orci leo. Sed porta massa eget ligula lacinia, in iaculis metus consequat. Sed vehicula risus at neque pharetra, nec convallis risus placerat tristique pulvinar nunc sit amet. Le resultat etait <a href="https://asgg.fr/generique/comment-fabriquer-du-viagra-naturel-49779/">viagra naturel</a> exceptionnel.  Praesent non lectus sit amet nibh posuere tristique. Aenean et dui ut mauris dapibus venenatis.</p>
<p><img decoding="async" loading="lazy" class="size-full wp-image-18 alignleft" src="/wp-content/uploads/2018/10/blog-single-img-2.jpg" alt="" width="370" height="370" srcset="/wp-content/uploads/2018/10/blog-single-img-2.jpg 370w, https://demo.woostify.com/fashion1/wp-content/uploads/sites/27/2018/10/blog-single-img-2-300x300.jpg 300w, https://demo.woostify.com/fashion1/wp-content/uploads/sites/27/2018/10/blog-single-img-2-150x150.jpg 150w, https://demo.woostify.com/fashion1/wp-content/uploads/sites/27/2018/10/blog-single-img-2-100x100.jpg 100w" sizes="(max-width: 370px) 100vw, 370px" /> Maecenas eu ante a elit tempus fermentum. Aliquam com modo tincidunt semper, phasellus accumsan. Musto ac mollis pharetra, ex dui pharetra nisl, a scelerisque ipsum nulla ac sem. Integer hendrerit egestas magna.</p>
<p>Pellentesque velit placerat et. Integer pulvinar dolor eu metus elementum, at commodo erat efficitur. Vivamus sol licitudin, quam a ornare vestibulum. Proin sit amet aliquet justo, et finibus neque. Etiam id massa risus.</p>
<p>Lorem turpis egestas magna, in lacinia felis arcu sit amet arcu. Cras eu risus urna. Duis lorem sapien, congue eget nisl sit amet, rutrum faucibus elit. Nullam non tortor massa. Proin ligula leo, hendrerit quis tincidunt a, sodales eget ligula. Donec ornare molestie vehicula. Duis feugiat iaculis. Fusce fermentum ipsum.</p>
]]></content:encoded>
					
					<wfw:commentRss>/studio-spring-summer-man-2017/feed/</wfw:commentRss>
			<slash:comments>0</slash:comments>
		
		
			</item>
		<item>
		<title>New Mini Kids Spring Summer Editorial</title>
		<link>/new-mini-kids-spring-summer-editorial/</link>
					<comments>/new-mini-kids-spring-summer-editorial/#respond</comments>
		
		<dc:creator><![CDATA[wordpress]]></dc:creator>
		<pubDate>Tue, 16 Oct 2018 03:29:44 +0000</pubDate>
				<category><![CDATA[Uncategorized]]></category>
		<guid isPermaLink="false">https://woostify.com/demos/fashion1/?p=1</guid>

					<description><![CDATA[Donec accumsan auctor iaculis. Sed suscipit arcu ligula, at egestas magna molestie a. Proin ac ex maximus, ultrices justo eget,...]]></description>
										<content:encoded><![CDATA[<p><span style="font-size: 18px;color: #2b2b2b">Donec accumsan auctor iaculis. Sed suscipit arcu ligula, at egestas magna molestie a. Proin ac ex maximus, ultrices justo eget, sodales orci. Aliquam egestas libero ac turpis pharetra, in vehicula lacus scelerisque. Vestibulum ut sem laoreet.</span></p>
<p>Lorem ipsum dolor sit amet, consectetur adipiscing elit. Quisque sit amet ex at orci posuere ullamcorper. Maecenas at iaculis diam. Nulla sem mauris, posuere id orci eget, rutrum efficitur nisl. Fusce dapibus tincidunt dignissim. Vestibulum quis quam et quam blandit fringilla id eget lacus. Donec volutpat odio sed dignissim porttitor bibendum.</p>
<blockquote><p><span style="font-size: 18px;color: #2b2b2b">Etiam quis interdum felis, at pellentesque metus. Morbi eget con lectus. Donec eleifend ultricies urna et euismod. Sed consectetur tellus eget odio aliquet, vel vestibulum tellus.</span></p>
<p><strong style="color: #2b2b2b">Lee Hari</strong> &#8212; CEO of Woostify</p></blockquote>
<p>Vestibulum viverra mi non dolor aliquet, sed mollis dolor vulputate. Proin lacus ante, aliquet a libero eget, efficitur conse quat sem. Nunc non orci leo. Sed porta massa eget ligula lacinia, in iaculis metus consequat. Sed vehicula risus at neque pharetra, nec convallis risus placerat tristique pulvinar nunc sit amet. Praesent non lectus sit amet nibh posuere tristique. Aenean et dui ut mauris dapibus venenatis.</p>
<p><img decoding="async" class="size-full wp-image-18 alignleft" src="/wp-content/uploads/2018/10/blog-single-img-2.jpg" alt="" width="370" height="370" /> Maecenas eu ante a elit tempus fermentum. Aliquam com modo tincidunt semper, phasellus accumsan. Musto ac mollis pharetra, ex dui pharetra nisl, a scelerisque ipsum nulla ac sem. Integer hendrerit egestas magna.</p>
<p>Pellentesque velit placerat et. Integer pulvinar dolor eu metus elementum, at commodo erat efficitur. Vivamus sol licitudin, quam a ornare vestibulum. Proin sit amet aliquet justo, et finibus neque. Etiam id massa risus.</p>
<p>Lorem turpis egestas magna, in lacinia felis arcu sit amet arcu. Cras eu risus urna. Duis lorem sapien, congue eget nisl sit amet, rutrum faucibus elit. Nullam non tortor massa. Proin ligula leo, hendrerit quis tincidunt a, sodales eget ligula. Donec ornare molestie vehicula. Duis feugiat iaculis. Fusce fermentum ipsum.</p>
]]></content:encoded>
					
					<wfw:commentRss>/new-mini-kids-spring-summer-editorial/feed/</wfw:commentRss>
			<slash:comments>0</slash:comments>
		
		
			</item>
	</channel>
</rss>
