<?xml version="1.0" encoding="UTF-8"?><rss version="2.0"
	xmlns:content="http://purl.org/rss/1.0/modules/content/"
	xmlns:dc="http://purl.org/dc/elements/1.1/"
	xmlns:atom="http://www.w3.org/2005/Atom"
	xmlns:sy="http://purl.org/rss/1.0/modules/syndication/"
	
	>
<channel>
	<title>
	Comments on: Hype energy drink	</title>
	<atom:link href="/product/working-boy-t-shirt/feed/" rel="self" type="application/rss+xml" />
	<link>/product/working-boy-t-shirt/</link>
	<description></description>
	<lastBuildDate>Sun, 22 Jan 2023 13:53:09 +0000</lastBuildDate>
	<sy:updatePeriod>
	hourly	</sy:updatePeriod>
	<sy:updateFrequency>
	1	</sy:updateFrequency>
	<generator>https://wordpress.org/?v=6.1.1</generator>
	<item>
		<title>
		By: woostify		</title>
		<link>/product/working-boy-t-shirt/#comment-5</link>

		<dc:creator><![CDATA[woostify]]></dc:creator>
		<pubDate>Sat, 08 Dec 2018 09:22:24 +0000</pubDate>
		<guid isPermaLink="false">https://woostify.com/demos/fashion1/?post_type=product&#038;p=108#comment-5</guid>

					<description><![CDATA[I love this shirt]]></description>
			<content:encoded><![CDATA[<p>I love this shirt</p>
]]></content:encoded>
		
			</item>
	</channel>
</rss>
